{
  "description": "Curse of Agony",
  "exclusive_set": [],
  "supported_items": "#enchantable/armor",
  "weight": 1,
  "max_level": 1,
  "min_cost": {
    "base": 25,
    "per_level_above_first": 0
  },
  "max_cost": {
    "base": 50,
    "per_level_above_first": 0
  },
  "anvil_cost": 8,
  "slots": [
    "armor"
  ],
  "effects": {
    "minecraft:attributes": [
      {
        "id": "minecraft:generic.max_health",
        "attribute": "minecraft:generic.max_health",
        "amount": -2,
        "operation": "add_value"
      }
    ]
  }
}
