{
  "description": "Dexterity",
  "supported_items": ["minecraft:wooden_sword",
                        "minecraft:stone_sword",
                        "minecraft:iron_sword",
                        "minecraft:golden_sword",
                        "minecraft:diamond_sword",
                        "minecraft:netherite_sword",
                        "minecraft:wooden_axe",
                        "minecraft:stone_axe",
                        "minecraft:iron_axe",
                        "minecraft:golden_axe",
                        "minecraft:diamond_axe",
                        "minecraft:netherite_axe",
                        "minecraft:mace",
                        "minecraft:flint_and_steel",
                        "minecraft:shears"],
  "weight": 2,
  "max_level": 3,
  "min_cost": {
    "base": 15,
    "per_level_above_first": 9
  },
  "max_cost": {
    "base": 65,
    "per_level_above_first": 9
  },
  "anvil_cost": 4,
  "slots": [
    "hand"
  ],
  "effects": {
    "minecraft:attributes": [
      {
        "id": "minecraft:generic.attack_speed",
        "attribute": "minecraft:generic.attack_speed",
        "amount": {
          "type": "minecraft:linear",
          "base": 0.25,
          "per_level_above_first": 0.25
        },
        "operation": "add_multiplied_base"
      }
    ]
  }
}
