{
  "description": "Emolation",
  "supported_items": "minecraft:flint_and_steel",
  "exclusive_set": "#enchantology:exclusive_set/damage_over_time",
  "weight": 2,
  "max_level": 1,
  "min_cost": {
    "base": 10,
    "per_level_above_first": 20
  },
  "max_cost": {
    "base": 60,
    "per_level_above_first": 20
  },
  "anvil_cost": 4,
  "slots": [
    "mainhand"
  ],
  "effects": {
    "minecraft:post_attack": [
      {
        "enchanted": "attacker",
        "affected": "victim",
        "effect": {
          "type": "minecraft:ignite",
          "duration": 5
        }
      }
    ]
  }
}
