{
    "description": "Curse of Fatigue",
    "supported_items": "#minecraft:enchantable/head_armor",
    "slots": ["head"],
    "weight": 10,
    "anvil_cost": 8,
    "min_cost": {
        "base": 25,
        "per_level_above_first": 0
    },
    "max_cost": {
        "base": 50,
        "per_level_above_first": 0
    },
    "max_level": 1,
    "effects":{
        "minecraft:tick":[
        {
            "effect": {
                "type": "minecraft:all_of",
                "effects": [
                {
                    "type": "minecraft:apply_mob_effect",
                    "to_apply": "minecraft:mining_fatigue",
                    "min_duration":2,
                    "max_duration":2,
                    "min_amplifier":1,
                    "max_amplifier":1
                }
                ]
            }
        }
        ]
    }
}