{
    "description": "Curse of Masochism",
    "supported_items": "#minecraft:enchantable/armor",
    "slots": ["armor"],
    "weight": 10,
    "anvil_cost": 8,
    "min_cost": {
        "base": 25,
        "per_level_above_first": 0
    },
    "max_cost": {
        "base": 50,
        "per_level_above_first": 0
    },
    "max_level": 1,
    "effects":{
        "minecraft:tick":[
        {
            "effect": {
                "type": "minecraft:all_of",
                "effects": [
                {
                    "type": "minecraft:run_function",
                    "function": "enchantology:masochism_damage"
                }
                ]
            }
        }
        ]
    }
}