{
    "description": "Withering",
    "supported_items": "#minecraft:enchantable/weapon",
    "exclusive_set": "#enchantology:exclusive_set/damage_over_time",
    "slots": ["mainhand"],
    "weight": 2,
    "anvil_cost": 4,
    "min_cost": {
        "base": 10,
        "per_level_above_first": 20
    },
    "max_cost": {
        "base": 60,
        "per_level_above_first": 20
    },
    "max_level": 2,
    "effects":{
        "minecraft:post_attack":[{
            "enchanted": "attacker",
            "affected": "victim",
            "effect": {
                "type": "minecraft:apply_mob_effect",
                "to_apply": "minecraft:wither",
                "min_duration": 3.0,
                "max_duration": 3.0,
                "min_amplifier": {
                    "type": "minecraft:linear",
                    "base": 1.0,
                    "per_level_above_first": 1.0
                },
                "max_amplifier": {
                    "type": "minecraft:linear",
                    "base": 1.0,
                    "per_level_above_first": 1.0
                }
            }
        }]
    }
}